{"cameraMode":{"drawMode":0,"name":"Shaded","section":"Shading Mode"},"sceneLighting":true,"audioPlay":false,"sceneViewState":{"m_AlwaysRefresh":false,"showFog":true,"showSkybox":true,"showFlares":true,"showImageEffects":true,"showParticleSystems":true,"showVisualEffectGraphs":true,"m_FxEnabled":true},"in2DMode":false,"pivot":{"x":10.880599975585938,"y":0.7411834597587586,"z":6.416826248168945},"rotation":{"x":-0.08975142985582352,"y":0.9065204858779907,"z":-0.24534210562705995,"w":-0.33162397146224978},"size":4.414010524749756,"orthographic":false}